{"cameraMode":{"drawMode":0,"name":"Shaded","section":"Shading Mode"},"sceneLighting":false,"audioPlay":false,"sceneViewState":{"showFog":true,"showMaterialUpdate":false,"showSkybox":true,"showFlares":true,"showImageEffects":true,"showParticleSystems":true,"showVisualEffectGraphs":true,"m_FxEnabled":true},"in2DMode":false,"pivot":{"x":0.18399450182914735,"y":0.5225861072540283,"z":6.525367736816406},"rotation":{"x":0.04394714534282684,"y":-0.7440210580825806,"z":0.04917675256729126,"w":0.6648948788642883},"size":1.097487211227417,"orthographic":true}