{"cameraMode":{"drawMode":0,"name":"Shaded","section":"Shading Mode"},"sceneLighting":true,"audioPlay":false,"sceneViewState":{"showFog":true,"showMaterialUpdate":false,"showSkybox":true,"showFlares":true,"showImageEffects":true,"showParticleSystems":true,"showVisualEffectGraphs":true,"m_FxEnabled":true},"in2DMode":false,"pivot":{"x":0.11779090762138367,"y":-7.190035820007324,"z":4.996551513671875},"rotation":{"x":0.7207534313201904,"y":-0.0031195611227303745,"z":0.003243110841140151,"w":0.6931784152984619},"size":5.285276889801025,"orthographic":false}