{"cameraMode":{"drawMode":0,"name":"Shaded","section":"Shading Mode"},"sceneLighting":false,"audioPlay":false,"sceneViewState":{"showFog":true,"showMaterialUpdate":false,"showSkybox":true,"showFlares":true,"showImageEffects":true,"showParticleSystems":true,"showVisualEffectGraphs":true,"m_FxEnabled":true},"in2DMode":false,"pivot":{"x":1.2545669078826905,"y":0.5152242183685303,"z":12.093069076538086},"rotation":{"x":0.04394714534282684,"y":-0.7440210580825806,"z":0.04917675256729126,"w":0.6648948788642883},"size":3.7367725372314455,"orthographic":true}